CellKey,DateKey,Hour,CallDropRatePct,AvgThroughputMbps,RttMs
15,20250618,7,2.31,20.2,31
48,20250406,13,2.71,12.6,25
45,20250606,19,3.01,107.6,26
47,20250619,18,2.37,36.0,45
47,20250705,16,0.23,132.4,26
17,20250614,23,1.89,74.8,43
36,20251019,15,3.34,75.5,38
10,20250831,22,1.88,55.3,33
20,20250526,9,1.28,89.0,45
31,20251017,15,2.32,69.9,38
4,20250724,12,1.92,77.3,18
1,20250805,12,0.81,105.0,38
45,20250424,15,1.0,82.9,22
36,20250731,17,0.76,84.5,37
14,20251226,20,2.34,85.0,54
6,20250912,16,3.03,77.4,22
20,20251204,10,1.18,126.7,31
48,20251008,16,0.06,15.5,10
21,20250918,19,0.0,89.3,34
30,20250501,18,1.89,78.9,38
23,20250716,9,0.43,109.7,38
31,20251024,16,0.23,98.6,23
7,20250114,20,1.06,84.5,30
39,20250523,6,1.45,57.9,40
22,20250627,20,1.68,40.7,53
30,20250217,17,1.42,118.5,30
12,20251012,12,1.13,76.2,45
8,20250708,4,0.08,79.2,35
18,20251202,20,0.56,69.1,45
41,20251012,17,2.41,76.1,37
47,20250131,5,2.5,95.1,48
24,20251221,4,2.39,118.1,47
23,20251007,18,0.12,76.2,58
10,20250721,14,0.88,123.7,36
35,20250429,9,0.27,76.2,46
19,20250419,14,0.15,81.9,59
18,20250420,14,1.63,41.8,36
48,20251216,9,0.89,67.8,31
47,20250110,4,1.17,113.6,22
33,20250517,5,1.77,43.3,34
8,20250629,3,1.93,89.5,24
45,20250715,13,0.2,117.6,42
1,20251109,10,0.0,41.8,44
14,20250926,17,0.72,119.7,29
7,20250129,19,1.38,93.7,23
40,20250114,7,2.18,47.5,64
27,20250801,22,2.16,91.6,29
24,20250910,6,0.84,93.5,20
25,20250904,3,0.77,100.4,61
34,20250521,13,0.74,66.4,17
26,20251109,2,2.11,80.9,34
42,20250520,2,3.27,106.4,48
32,20251117,3,0.4,51.3,53
16,20250101,1,3.93,75.2,33
46,20251216,19,1.39,50.4,34
2,20250514,1,0.76,107.8,37
18,20250427,17,1.32,50.7,45
22,20250108,15,1.68,114.7,31
25,20250407,8,1.63,87.1,32
36,20251124,13,1.03,56.9,46
7,20251220,7,1.85,95.0,43
4,20250323,15,1.75,81.2,46
18,20250611,11,0.0,96.7,18
9,20250605,16,0.08,87.2,34
42,20250713,20,2.03,97.1,29
7,20251116,18,0.89,64.7,34
10,20250622,18,2.21,65.8,34
22,20251111,22,1.08,72.1,47
26,20250506,5,2.3,80.9,22
41,20250218,17,1.07,78.2,22
25,20250906,13,0.21,81.6,50
9,20250907,21,1.14,58.7,49
15,20251030,22,2.01,69.9,41
9,20250131,15,0.57,141.1,37
30,20250212,17,2.08,113.4,10
45,20251121,7,2.15,96.0,33
6,20250114,16,2.76,36.3,49
3,20250324,14,0.6,88.9,28
16,20250514,4,0.91,61.8,25
30,20250802,13,1.45,59.7,31
4,20250212,13,2.45,109.2,44
9,20250620,5,1.18,95.6,34
50,20250821,12,2.22,59.0,32
31,20251103,16,2.23,113.1,67
48,20250614,6,1.52,89.8,27
12,20250707,17,0.92,72.0,27
10,20250208,1,0.43,80.5,34
33,20250617,20,1.16,43.7,41
37,20250914,23,2.43,80.9,40
23,20250124,9,0.5,71.1,43
43,20250630,16,1.68,62.4,34
35,20251017,17,0.68,71.9,31
41,20251001,7,1.94,59.9,27
34,20250403,0,1.75,82.6,34
19,20250124,16,0.96,98.0,41
8,20250831,7,2.69,64.0,18
4,20250803,19,2.14,54.2,34
9,20250607,14,1.22,83.3,50
8,20251014,18,2.59,82.2,47
26,20250911,8,1.21,57.8,40
34,20250307,1,0.61,79.3,29
48,20251007,5,2.57,65.9,34
33,20251106,20,0.0,112.5,24
25,20250923,11,1.45,83.7,46
4,20250211,22,3.35,79.4,28
26,20250529,21,1.73,99.2,22
32,20250408,2,2.54,94.7,45
4,20250111,12,3.49,100.9,23
30,20250110,1,2.95,113.4,14
1,20251118,18,0.04,110.9,21
50,20250317,20,0.69,152.3,34
42,20251108,8,2.55,83.5,53
16,20251228,12,0.97,58.9,37
14,20250809,1,1.22,108.1,25
38,20251013,13,1.06,77.8,35
43,20250408,16,0.05,58.6,33
21,20250313,17,2.06,85.4,12
42,20250820,6,1.41,40.7,50
12,20250102,18,2.23,92.2,12
40,20250323,16,0.79,105.5,31
18,20250403,21,1.06,107.8,32
44,20250723,22,1.87,102.8,25
8,20251213,7,0.0,101.3,36
4,20250919,11,2.53,106.1,19
21,20250302,4,2.5,105.6,40
33,20250814,0,2.75,27.9,47
38,20251206,2,3.01,82.0,44
50,20250610,17,0.26,73.5,22
48,20250429,1,2.59,72.8,43
25,20250212,21,1.95,87.1,25
47,20251122,8,1.97,81.8,33
12,20250402,7,1.45,104.4,35
10,20250331,10,1.71,91.5,22
25,20251028,16,1.7,101.2,32
36,20250113,9,0.99,122.4,48
1,20251018,14,1.45,118.0,23
11,20250906,3,0.32,117.9,50
35,20250722,16,1.82,109.4,33
6,20250822,1,1.87,86.5,31
22,20251121,3,0.35,92.8,36
33,20250814,8,0.93,50.2,45
16,20250311,19,0.93,106.4,25
4,20250204,1,1.67,52.7,32
41,20251111,4,1.94,92.2,33
22,20250326,9,1.74,27.5,46
45,20251013,20,2.36,79.9,50
47,20250710,12,2.22,112.4,44
45,20250715,18,2.27,46.9,49
27,20251108,19,0.47,92.9,27
36,20250219,12,1.08,48.4,38
34,20250126,22,2.25,100.1,49
28,20251214,9,0.04,45.6,29
1,20250701,7,2.58,95.0,20
49,20250723,21,2.71,85.1,33
12,20250928,17,1.31,98.4,45
6,20250723,14,1.43,20.8,41
33,20250516,22,2.34,73.9,27
1,20250930,13,0.0,103.5,30
41,20251206,9,2.74,51.3,31
34,20250510,3,2.48,43.1,27
19,20250916,8,0.26,49.0,35
1,20251030,4,0.01,56.0,34
14,20251202,16,2.24,58.1,34
24,20250429,8,0.66,51.9,46
3,20251212,7,0.0,73.5,15
9,20250911,1,3.88,56.8,37
40,20251007,14,2.15,54.1,40
14,20250315,13,0.94,71.3,32
14,20251016,15,1.72,27.4,36
2,20251227,7,1.75,66.2,38
47,20251009,19,2.0,107.8,36
35,20251020,3,0.66,70.1,29
27,20250717,11,1.05,96.5,29
48,20251109,4,2.98,79.7,24
22,20250320,10,1.25,100.8,33
11,20250818,17,2.11,93.9,37
28,20250827,7,2.09,45.0,48
17,20250112,22,2.86,73.5,32
1,20251209,19,1.54,100.2,29
39,20250527,2,0.78,89.7,37
32,20250811,6,2.16,119.9,40
3,20250214,6,2.97,85.6,37
18,20251127,14,1.98,87.8,38
50,20250116,6,1.7,47.2,30
47,20251023,14,0.7,35.4,30
15,20250224,14,3.24,73.9,36
19,20250714,6,1.59,111.9,28
33,20250121,10,0.53,82.3,26
24,20250219,4,1.86,79.6,54
34,20251214,11,1.53,77.4,39
21,20250607,3,3.44,129.7,42
28,20250614,20,1.11,69.5,37
41,20251128,9,1.56,51.3,39
30,20250207,13,1.58,108.8,28
34,20250321,15,0.4,38.6,47
21,20250105,11,1.29,108.4,16
29,20250914,16,3.2,89.7,37
3,20250509,9,1.63,116.4,36
43,20250725,19,1.09,123.2,32
42,20250422,5,1.61,99.5,28
39,20250121,23,1.98,66.3,47
37,20251107,13,2.08,51.5,49
14,20250224,13,2.19,62.0,39
49,20250621,5,0.0,57.7,56
8,20250813,11,1.83,87.4,34
46,20251130,10,0.2,76.7,31
24,20250212,22,0.93,34.0,60
49,20251009,13,0.64,52.0,39
16,20250625,19,0.0,98.1,32
8,20251213,20,4.83,29.6,46
5,20250512,16,0.24,83.4,32
35,20250411,18,2.01,99.6,29
21,20250118,2,2.22,87.3,40
7,20251110,1,0.51,128.1,36
25,20250201,7,0.24,56.1,39
37,20250130,21,1.08,80.3,50
8,20250107,6,0.64,80.9,29
11,20250727,4,0.9,89.8,32
5,20250501,23,1.67,98.2,36
13,20250825,11,2.2,78.0,27
36,20250304,20,2.16,64.5,23
11,20250308,4,1.13,58.1,29
15,20250523,10,1.73,95.4,42
21,20250126,6,1.73,30.0,20
39,20250304,11,2.94,129.6,13
35,20250513,5,2.17,80.6,39
8,20250404,8,0.01,83.5,53
43,20251125,17,0.74,106.2,27
35,20250319,0,1.5,107.6,27
11,20250313,13,0.36,32.5,29
49,20251109,11,3.1,89.0,33
42,20251021,1,1.99,70.4,25
4,20250824,6,1.51,87.8,40
50,20250729,22,0.46,131.7,57
12,20250120,16,3.57,65.4,59
21,20251109,22,0.63,44.3,40
24,20251022,9,1.63,84.8,26
15,20250828,14,1.11,56.1,45
30,20250327,9,1.25,61.6,31
35,20251123,10,0.9,87.5,34
20,20250605,15,1.13,85.6,46
47,20251015,4,0.89,70.7,18
22,20250110,19,1.16,109.1,32
28,20251109,10,3.21,77.2,15
2,20251102,9,1.06,92.0,57
41,20250830,0,0.84,83.1,10
31,20250806,9,1.11,105.9,32
44,20250419,1,3.24,102.0,46
29,20251021,0,1.59,51.4,33
12,20251214,2,0.42,34.9,37
20,20250617,12,0.0,82.0,40
23,20250111,1,0.94,82.9,42
45,20250517,19,1.81,31.5,52
38,20251227,18,2.51,51.3,49
8,20251203,7,2.43,115.3,49
32,20250922,23,0.63,43.0,53
12,20250213,22,2.92,32.3,40
40,20251117,16,0.82,52.3,41
5,20250910,18,0.6,85.9,26
31,20251226,6,2.83,78.9,33
45,20250517,2,2.53,70.8,38
33,20250311,23,0.9,129.3,33
43,20251111,11,2.62,73.4,36
47,20250718,13,1.28,129.6,36
22,20250717,23,0.17,88.3,30
3,20250803,2,1.6,46.8,29
33,20250311,17,2.18,77.9,49
13,20250928,10,1.67,75.9,28
1,20250608,21,2.34,130.9,26
2,20251226,20,1.14,49.4,19
26,20250723,14,4.69,73.6,37
49,20250814,11,2.37,56.7,41
44,20250811,18,0.84,90.1,53
39,20251122,15,1.33,69.7,40
2,20250603,3,2.79,88.3,30
4,20250521,15,1.41,110.8,40
32,20250427,1,1.22,115.3,43
33,20250812,11,1.65,66.2,41
47,20250207,1,0.0,82.9,43
28,20250314,15,0.14,41.1,34
36,20250413,7,1.92,101.8,25
21,20251001,9,3.64,68.1,27
41,20250629,16,1.44,61.9,41
3,20250712,9,1.44,97.1,31
44,20251019,21,1.81,44.7,32
7,20250609,6,0.1,90.3,22
36,20250507,16,2.61,61.0,45
24,20251023,5,1.81,65.6,39
5,20250922,15,0.1,106.6,48
44,20250429,9,3.63,76.6,29
50,20250623,4,1.94,93.0,28
23,20250602,18,0.62,127.1,42
46,20250630,12,2.74,42.2,25
32,20251225,6,2.42,113.6,29
22,20251129,11,1.92,63.7,26
36,20250316,12,1.56,86.7,58
41,20250611,16,2.93,144.2,31
23,20251025,10,2.63,90.2,38
39,20250423,3,2.57,106.8,39
44,20250302,16,2.07,113.1,27
25,20250818,18,1.22,64.5,31
50,20250517,18,0.61,99.4,30
17,20250323,21,1.44,70.5,59
38,20250621,22,0.48,78.5,34
20,20250130,14,2.11,78.2,38
22,20251127,15,1.48,40.8,38
44,20250308,7,1.27,62.9,48
42,20250519,7,3.0,94.7,34
3,20250510,15,0.0,131.3,36
38,20250926,17,0.46,43.9,48
44,20250324,1,0.99,95.9,56
5,20250830,14,1.22,68.5,45
7,20251125,10,2.49,104.5,32
40,20250525,7,2.37,68.8,52
39,20250403,0,0.79,30.0,33
30,20250823,9,2.72,88.5,31
13,20250921,7,1.93,94.3,34
8,20251109,17,2.11,57.7,26
36,20250605,12,2.11,92.6,49
8,20250420,10,1.93,106.8,40
47,20250916,3,2.56,77.0,22
19,20250404,15,0.63,85.7,39
45,20250121,9,1.49,40.3,35
24,20250609,20,0.65,162.9,37
27,20251205,12,0.93,79.3,38
24,20250627,13,1.93,51.2,37
26,20250724,4,1.29,49.6,31
36,20251109,12,1.13,35.4,37
42,20250330,23,1.5,71.7,42
44,20251112,20,1.1,76.3,42
15,20250423,9,0.0,61.6,34
16,20250103,5,2.22,88.2,33
1,20250625,23,1.49,88.6,43
27,20250219,8,0.9,83.5,25
6,20250128,11,2.04,90.3,33
1,20250609,12,1.5,99.5,39
44,20250816,21,0.45,48.7,16
21,20250113,21,1.23,81.2,33
30,20251218,1,1.57,107.4,20
34,20250511,1,1.47,56.7,35
37,20250217,1,0.22,85.4,39
7,20251011,6,2.28,67.6,22
45,20250829,2,1.86,60.0,30
7,20250228,0,1.35,58.0,26
31,20250923,21,0.52,90.0,25
49,20250721,18,3.2,81.7,45
36,20250115,3,1.12,53.4,32
12,20250218,4,2.56,35.8,29
14,20251019,23,1.34,53.4,39
5,20250601,19,0.12,59.6,38
4,20250405,7,1.23,87.3,28
14,20250721,7,2.15,50.7,32
48,20251208,4,0.34,86.6,41
48,20250404,17,2.11,79.8,39
11,20250205,20,2.01,56.1,34
46,20250404,10,0.27,106.5,52
48,20250530,6,0.03,65.4,19
23,20251224,21,0.81,84.6,29
34,20250919,23,1.1,54.9,37
34,20250404,6,1.21,64.3,25
38,20250303,21,2.11,60.8,35
23,20250711,17,1.04,95.9,35
24,20251025,7,3.52,68.2,41
21,20250423,17,2.18,72.5,30
36,20251020,16,0.9,88.9,38
34,20250913,2,3.94,111.4,43
40,20251008,20,3.1,63.3,50
50,20250802,21,2.76,89.1,23
34,20251221,11,1.15,91.6,45
9,20250524,19,1.09,62.4,50
30,20251211,9,0.25,101.1,34
14,20250420,1,1.77,113.7,46
8,20250530,2,1.53,79.2,33
27,20250729,0,0.45,112.8,36
8,20251213,9,3.23,78.5,21
15,20250804,4,1.89,136.2,38
45,20250111,17,1.99,131.4,32
28,20250127,6,2.71,88.5,16
15,20250628,8,2.35,101.4,43
2,20250221,12,1.16,49.0,42
25,20250819,15,3.33,92.5,30
28,20251108,13,1.95,100.2,21
12,20250320,13,3.02,97.9,15
34,20250930,0,2.5,85.0,27
37,20250116,23,0.26,76.7,51
16,20250109,6,1.98,113.1,28
44,20250624,14,0.71,90.7,24
13,20250808,19,2.73,104.9,41
47,20250517,5,2.65,97.8,51
1,20250426,8,1.99,91.3,46
34,20250527,23,1.21,41.4,30
38,20250603,20,2.32,122.1,32
41,20250821,21,0.0,39.9,42
32,20250505,21,0.69,62.4,36
41,20250205,20,0.0,54.3,31
3,20250908,9,0.0,77.8,36
35,20250202,8,0.46,115.3,39
41,20251217,2,0.16,11.6,23
1,20250911,4,0.59,118.4,38
50,20250810,23,0.88,115.0,53
30,20250516,17,0.75,86.2,27
12,20250107,12,2.68,57.0,26
26,20250210,22,1.74,90.3,43
48,20250828,4,0.0,107.2,37
5,20250516,19,3.28,45.5,41
16,20250326,6,0.19,94.2,18
16,20250221,17,0.54,74.6,18
43,20250706,0,1.7,51.5,24
2,20250809,11,1.51,77.8,46
36,20250613,5,0.25,83.2,43
17,20250607,8,1.72,97.4,34
13,20250707,8,1.21,63.3,38
19,20250613,23,1.38,44.4,45
33,20250526,22,2.86,105.5,41
45,20251211,5,1.24,83.4,47
50,20251122,3,2.15,64.0,32
24,20250926,1,2.72,79.7,41
39,20250227,16,1.55,90.8,32
18,20250208,5,0.96,52.2,33
21,20251016,16,0.91,62.1,44
15,20251225,15,2.53,63.5,48
46,20250424,12,1.94,15.3,34
34,20250818,23,3.02,70.6,36
36,20250724,14,1.16,89.9,38
5,20250715,17,2.01,112.5,39
22,20250514,4,2.05,40.9,41
13,20250321,23,1.74,111.2,13
8,20250324,20,2.24,113.9,36
13,20250520,15,0.73,54.5,34
17,20250409,4,2.39,55.3,14
23,20250824,19,3.12,131.4,30
29,20250324,8,1.92,61.8,13
8,20250606,19,2.15,81.9,30
26,20251021,13,1.45,83.4,22
43,20250327,2,0.88,115.5,51
13,20250120,15,1.83,108.2,24
9,20250207,16,2.57,92.8,51
38,20250430,5,1.5,85.6,27
23,20250526,9,0.0,132.5,42
2,20251031,9,1.2,50.6,40
48,20250720,0,0.35,89.6,46
45,20250907,10,1.06,51.3,38
19,20250403,5,1.34,112.7,42
13,20250527,21,1.53,114.1,33
17,20250820,12,0.76,56.2,35
30,20250118,8,4.04,96.0,32
20,20250513,2,2.4,38.2,54
27,20251128,11,1.34,92.4,38
35,20250806,21,3.17,75.6,44
40,20251215,6,1.72,94.9,17
15,20251125,23,2.24,44.1,19
9,20250423,20,2.81,84.8,28
46,20250927,19,0.0,95.2,39
45,20250517,22,1.04,83.6,21
34,20251218,11,0.8,86.6,27
31,20250122,10,1.58,45.4,44
49,20251216,9,0.38,91.0,29
36,20250209,12,1.52,107.7,48
34,20250214,8,2.16,100.7,59
19,20250107,13,1.89,117.5,49
5,20250929,15,1.3,66.7,28
31,20250106,5,2.34,70.4,47
8,20250402,11,0.78,117.5,45
17,20250605,15,2.08,81.1,39
21,20250811,6,3.17,98.8,23
38,20250928,18,2.25,79.4,46
45,20250501,11,1.91,77.4,41
15,20251022,11,1.35,103.3,34
30,20250611,11,1.72,55.4,38
37,20251226,23,2.24,69.3,36
20,20250315,5,0.65,98.7,48
2,20250822,20,1.87,68.5,37
16,20250720,14,2.87,88.2,38
29,20251202,21,3.18,93.2,42
20,20250605,8,1.18,73.1,25
23,20250105,5,1.68,109.9,31
13,20250621,2,2.3,60.0,39
44,20251101,2,2.25,49.1,25
16,20250719,22,2.11,134.5,29
40,20250331,22,0.0,80.4,15
4,20250330,22,1.5,85.2,35
26,20250112,23,1.38,64.6,10
13,20250622,6,1.67,122.7,20
20,20250329,11,1.92,43.6,27
45,20250316,6,0.89,20.9,47
3,20250428,16,0.52,118.0,40
40,20251008,15,0.28,37.3,41
31,20250708,10,0.44,80.2,27
12,20250717,19,0.67,118.6,38
33,20250821,11,0.97,41.8,54
24,20250924,5,0.23,57.8,32
16,20251203,13,1.42,107.3,39
15,20250709,20,1.26,75.1,27
2,20251003,12,0.69,119.0,41
32,20250402,18,2.01,56.1,29
41,20250829,11,0.96,88.1,26
40,20251204,7,1.68,65.1,36
1,20250910,20,1.23,46.1,37
33,20250807,20,1.52,106.8,51
26,20250429,15,2.07,107.1,41
4,20250825,0,1.34,53.6,41
1,20250923,0,1.27,110.5,29
4,20250514,19,2.35,130.0,28
42,20250927,15,1.28,68.6,46
6,20250412,23,0.91,105.1,24
38,20250501,6,0.52,126.8,33
39,20251130,9,1.04,77.8,30
42,20250524,12,2.95,64.6,41
1,20250617,1,2.56,110.0,24
31,20250719,18,3.04,89.6,28
35,20250123,2,1.34,44.7,41
47,20250302,5,1.56,55.7,34
17,20250226,20,1.69,48.3,35
35,20250527,5,1.65,100.9,35
11,20250416,8,4.06,93.0,34
3,20250922,12,1.02,93.0,41
35,20250108,7,0.0,85.6,28
40,20250822,14,2.4,101.6,44
41,20250203,2,1.07,72.1,38
45,20250112,2,2.53,67.4,29
35,20250406,14,1.32,113.8,28
19,20250830,17,1.01,128.4,43
26,20250226,20,3.89,75.8,36
24,20251010,8,2.61,60.1,42
14,20250621,5,1.16,51.0,42
14,20250319,13,2.63,113.1,53
18,20251223,12,2.44,60.8,22
50,20250503,8,0.69,98.7,10
11,20250701,10,0.0,72.2,31
35,20250316,12,0.0,79.1,37
3,20250613,17,0.03,86.7,36
33,20250212,4,0.0,136.0,32
35,20250509,16,2.02,52.6,23
45,20250104,14,1.45,78.9,25
34,20250317,6,1.44,108.3,49
15,20251101,13,0.99,97.2,25
24,20251118,10,2.53,106.3,35
46,20250714,18,1.3,43.0,42
1,20251024,16,1.44,53.2,23
20,20251203,6,0.53,49.8,34
36,20250804,4,2.94,129.5,23
32,20251001,5,4.04,103.9,15
7,20251028,6,1.58,45.0,40
32,20250206,5,0.53,91.2,32
35,20250817,10,1.92,27.8,36
26,20251013,16,1.09,29.2,21
38,20251215,11,1.61,73.1,37
23,20251218,15,2.0,104.1,18
2,20251219,3,0.26,76.5,29
40,20250322,17,1.21,127.3,40
41,20250930,15,1.39,118.8,22
35,20251229,22,0.23,51.1,44
17,20250913,23,2.35,97.6,39
34,20250916,23,4.2,71.3,21
25,20250921,3,0.24,96.7,38
2,20251016,3,1.37,55.8,40
34,20250420,20,0.15,77.7,20
35,20251122,20,1.35,87.4,40
7,20250720,14,0.1,53.1,37
6,20250924,4,0.9,62.5,50
5,20250702,13,1.52,90.6,34
17,20250512,22,0.79,73.6,26
25,20250112,1,2.41,66.3,32
32,20250216,13,3.03,64.0,32
44,20251030,13,1.84,43.5,34
40,20250623,3,2.11,100.6,37
16,20250508,23,2.67,109.3,32
30,20250526,1,1.29,57.8,37
36,20251112,4,1.76,93.5,28
26,20251023,8,1.56,72.6,39
38,20250103,18,2.31,103.5,28
3,20250606,7,2.53,51.1,30
2,20250111,5,1.18,90.3,40
8,20251207,17,1.28,76.9,25
24,20250704,22,0.69,68.8,28
42,20250816,17,1.15,85.7,20
50,20250923,9,1.14,127.6,22
37,20250703,3,0.76,106.8,23
41,20251229,3,0.34,88.7,37
16,20251231,23,2.85,57.5,23
18,20250626,18,0.7,106.0,33
44,20250424,14,1.09,108.2,52
18,20250629,7,2.28,129.2,40
43,20251102,15,2.85,57.4,25
26,20250821,19,1.63,82.8,32
20,20251017,22,1.59,68.0,35
34,20250502,1,1.26,86.9,15
21,20250914,18,3.54,79.2,17
30,20250901,6,0.28,106.0,37
13,20251109,6,2.55,99.6,45
12,20250118,9,0.9,70.5,32
32,20250212,23,1.22,111.8,40
31,20251121,21,2.5,113.9,26
29,20250827,5,2.03,109.1,19
12,20250929,12,2.71,77.6,40
9,20251014,5,0.12,75.8,33
49,20250817,8,1.14,79.9,41
36,20250213,15,0.96,63.4,40
32,20250306,3,1.38,107.4,46
41,20250321,19,1.99,96.9,35
39,20250107,5,2.27,95.8,17
2,20251128,4,1.02,41.9,36
46,20250707,12,1.44,95.6,33
24,20251101,15,4.4,63.7,50
44,20250821,2,1.56,56.9,38
36,20250806,7,1.95,68.6,28
8,20250312,19,1.42,108.1,21
12,20250810,10,0.18,63.1,32
40,20250525,18,1.6,68.9,38
42,20250528,12,1.49,32.5,29
12,20250828,14,3.3,59.6,34
49,20250106,8,1.97,52.2,39
6,20250524,14,1.09,62.8,39
39,20250626,6,1.5,89.0,28
8,20251103,8,2.21,100.6,54
25,20251014,10,1.47,101.7,29
9,20250512,12,1.58,62.9,39
44,20250316,9,0.35,28.1,32
44,20250825,23,3.69,27.9,55
5,20250114,20,2.85,45.4,26
20,20250309,3,0.0,71.9,36
45,20250330,3,1.72,97.9,45
24,20250518,22,0.79,104.3,44
19,20250415,4,1.65,89.7,41
36,20250206,18,1.94,29.3,45
19,20250210,18,0.0,107.9,33
20,20250909,5,0.0,82.4,11
9,20250825,11,1.26,82.8,50
22,20250914,22,0.43,94.0,21
15,20250605,11,1.41,91.9,23
19,20250903,23,0.8,92.4,24
10,20251026,19,3.06,115.4,47
40,20250317,9,1.37,72.6,10
9,20250326,17,0.0,121.6,32
44,20251202,15,1.95,95.1,37
49,20250926,18,0.26,90.4,22
24,20250228,17,1.7,101.9,38
8,20250609,1,1.6,96.9,30
14,20251210,12,0.0,81.6,37
2,20250719,16,2.48,61.4,33
3,20250403,22,3.22,76.7,36
31,20250109,5,0.6,41.5,30
27,20250125,3,0.2,68.5,36
19,20251227,18,1.14,79.1,28
14,20250320,6,1.45,78.1,20
36,20250501,3,1.56,56.4,31
30,20250519,2,1.36,92.8,30
32,20251013,15,1.27,62.1,34
31,20250825,18,1.78,107.3,33
37,20251120,18,2.92,94.3,36
31,20250602,9,0.18,59.4,33
39,20250402,9,2.45,13.3,30
40,20250625,17,0.8,100.9,37
16,20250825,23,1.47,80.8,29
22,20251123,8,0.14,91.8,34
41,20250920,21,0.0,111.3,18
17,20251206,16,1.26,68.0,37
42,20250731,0,1.76,67.3,30
10,20250216,6,3.54,91.5,57
9,20250822,5,0.84,88.9,18
15,20251026,12,2.87,54.2,38
50,20250226,22,0.0,84.6,32
47,20251213,23,1.11,58.1,34
2,20250315,23,3.05,83.9,28
34,20250811,2,0.0,111.6,53
43,20251009,11,1.57,80.1,30
45,20251121,20,0.04,74.7,21
8,20251119,18,1.46,56.5,24
11,20251203,2,0.57,59.6,36
23,20250321,21,0.0,68.8,41
42,20250111,17,4.26,117.8,39
11,20250912,19,2.52,104.6,37
42,20250126,2,3.75,104.3,23
14,20250505,11,1.64,75.2,10
47,20250809,8,0.7,46.0,22
5,20251231,22,2.78,109.5,45
22,20251121,17,1.68,107.1,26
6,20251116,11,2.21,130.1,20
15,20250306,22,1.05,71.3,51
12,20250221,17,2.74,56.0,21
41,20251021,3,1.34,50.0,41
3,20250722,22,0.87,103.5,44
5,20250807,8,1.42,96.5,43
20,20250706,16,1.69,104.7,40
45,20250824,23,1.43,68.6,23
44,20250127,14,2.13,47.1,38
40,20251217,2,1.44,87.9,26
43,20250318,12,2.77,80.4,54
5,20250105,13,2.17,50.7,47
39,20250406,12,3.24,92.0,25
48,20250213,22,2.87,88.1,54
48,20251125,11,1.36,44.4,30
44,20250306,21,1.61,24.0,39
10,20250102,4,1.22,94.4,47
29,20251112,10,2.53,39.2,33
8,20251212,22,1.93,105.1,49
49,20251014,1,2.2,66.9,28
47,20250120,19,0.98,64.2,30
25,20250112,11,1.02,100.9,21
30,20250619,14,1.96,63.4,53
35,20250102,1,0.07,86.6,46
15,20250310,23,2.14,120.3,24
40,20251125,16,2.25,109.5,33
4,20250516,6,2.06,94.7,38
23,20250711,19,0.69,91.5,45
2,20250314,14,1.92,113.0,19
45,20251217,9,1.57,98.2,49
16,20250218,12,1.21,103.6,30
41,20251119,12,1.49,89.4,35
38,20250206,19,1.32,106.4,22
34,20250201,2,2.14,108.5,56
12,20250512,3,3.68,90.4,29
41,20251021,17,1.8,79.3,48
42,20250115,0,3.12,102.2,43
31,20250306,15,2.6,130.3,33
32,20251019,10,0.22,53.2,20
33,20250317,19,1.75,73.7,31
32,20251018,15,2.66,85.0,39
29,20250820,9,1.41,97.1,24
38,20250802,17,1.68,80.9,32
27,20250429,16,1.5,43.0,35
7,20250520,6,1.68,82.5,30
29,20250618,8,1.04,113.0,48
39,20250310,9,2.09,121.9,31
50,20250430,6,0.0,37.5,32
43,20250516,20,1.5,84.7,35
36,20251205,10,0.98,102.0,34
6,20251006,9,2.14,94.6,48
20,20251109,10,1.84,84.0,12
19,20251117,5,1.49,71.0,21
6,20250724,9,0.44,75.3,35
8,20250729,21,2.78,18.3,42
32,20250625,9,1.67,91.0,31
44,20250902,13,1.05,71.6,33
25,20250814,4,1.58,93.2,34
6,20251107,22,1.59,80.2,42
47,20251011,21,0.37,60.4,16
38,20250314,12,3.72,78.7,38
49,20250705,7,1.29,30.5,41
39,20250718,13,1.5,65.5,21
24,20250416,14,1.5,96.7,20
47,20251201,14,2.08,82.2,33
37,20251023,7,1.87,48.8,37
2,20250208,10,1.34,94.1,28
38,20251119,1,2.51,61.3,40
33,20251101,7,0.62,38.4,29
50,20250113,15,0.95,85.9,31
26,20250211,3,1.04,89.3,50
2,20250522,11,1.87,117.5,44
25,20250822,23,2.31,55.8,39
24,20251016,6,1.05,75.0,44
31,20250904,6,1.23,107.4,44
42,20250823,0,2.36,86.8,24
26,20250119,20,1.28,110.3,65
27,20250509,0,1.55,79.4,34
41,20250112,14,1.77,90.5,28
2,20251210,23,2.24,82.2,26
41,20250527,15,0.71,64.9,37
41,20251018,1,1.96,76.9,33
30,20250907,6,3.62,62.8,36
25,20250607,2,0.15,103.0,38
31,20250905,16,1.84,69.8,32
41,20250207,16,1.86,90.5,34
30,20250915,22,2.96,66.5,16
16,20251226,2,0.0,23.2,47
15,20250930,14,1.87,89.5,17
34,20250423,0,1.74,51.1,44
38,20251220,14,3.85,66.2,40
3,20251213,18,0.89,81.0,40
25,20250113,13,1.2,116.9,33
50,20251027,3,0.37,68.5,23
2,20251031,18,1.13,73.4,27
15,20250309,8,1.19,75.1,19
49,20251002,8,2.49,127.8,16
40,20250304,10,2.52,67.4,32
13,20251011,21,3.44,104.0,34
25,20250902,17,2.38,89.0,33
23,20250131,17,1.96,77.6,40
46,20251209,11,0.15,70.2,24
28,20250228,19,2.95,70.7,49
27,20250731,18,2.79,85.2,26
44,20251219,21,2.39,77.6,18
46,20250705,5,1.33,109.3,30
12,20250526,10,1.82,94.7,26
38,20250402,3,1.65,82.5,26
24,20250226,10,2.11,85.1,27
38,20250311,4,2.05,76.6,31
20,20250616,7,0.0,39.4,26
4,20250722,21,1.77,103.8,38
6,20250212,17,1.08,97.0,37
15,20251020,0,1.9,62.9,29
22,20251120,4,1.81,98.1,37
46,20250531,11,0.79,97.8,40
36,20251109,4,0.44,75.1,21
26,20250225,4,3.45,59.2,30
21,20250228,21,1.76,77.6,46
45,20250227,23,2.11,48.9,45
35,20250520,23,0.71,77.3,44
17,20250601,12,2.44,102.7,37
35,20250607,9,3.19,87.4,26
24,20250312,22,0.0,55.1,30
3,20250401,3,0.84,71.1,44
12,20250909,21,2.27,80.0,34
20,20251007,15,1.94,37.5,34
19,20250802,16,2.21,90.6,27
17,20250308,0,1.64,27.4,39
28,20250107,10,1.08,70.7,44
29,20250430,2,0.6,83.2,30
25,20250415,2,1.12,94.0,64
1,20250921,23,4.39,37.1,46
36,20250403,17,1.33,86.4,29
4,20250817,21,0.58,71.1,30
43,20251123,20,0.0,72.6,28
26,20251231,18,2.18,54.7,44
35,20250805,0,2.21,123.9,56
18,20250525,19,0.0,103.0,22
5,20250105,4,0.89,94.2,35
40,20250826,20,2.33,137.7,22
28,20250228,22,2.82,67.5,48
14,20250630,17,0.61,85.0,20
35,20250106,7,0.0,10.0,18
29,20250226,13,2.54,82.6,35
11,20250528,1,1.63,44.5,35
32,20250225,12,3.85,74.1,10
44,20250609,13,2.35,81.1,23
11,20250120,18,0.73,90.9,33
4,20250121,12,0.52,71.4,33
11,20250521,21,1.65,123.6,30
38,20250112,22,0.95,68.9,45
35,20250508,8,1.25,58.2,48
5,20250516,16,1.37,82.3,21
40,20251130,23,2.54,120.8,28
45,20250224,10,2.63,84.2,34
23,20251110,10,1.7,112.9,35
13,20250707,17,2.72,106.3,29
11,20251007,17,0.15,42.3,41
46,20250316,22,0.43,67.9,29
8,20250912,5,2.1,114.5,51
13,20250524,10,1.3,123.2,37
49,20250405,17,3.01,73.9,43
48,20250603,0,1.83,85.5,63
44,20250520,3,3.53,116.4,44
24,20250913,9,1.32,46.8,41
49,20250620,6,1.2,54.2,44
50,20250622,14,0.71,100.6,20
24,20251205,23,2.22,92.3,44
33,20251116,2,1.6,43.1,32
18,20250915,0,1.29,68.3,44
6,20250720,18,2.63,72.7,32
16,20250925,12,2.15,101.8,31
33,20250927,3,0.85,113.1,42
50,20250105,20,0.38,92.4,19
29,20250517,15,1.51,94.6,44
14,20250429,11,0.18,95.4,27
49,20250126,4,1.59,90.8,34
10,20250414,15,2.05,108.9,46
32,20250106,23,1.78,95.7,50
5,20250923,13,3.6,60.3,33
39,20251209,0,2.22,106.3,35
20,20250116,21,2.48,49.3,35
36,20251209,0,0.79,97.9,34
30,20250809,3,3.65,92.6,34
15,20250414,18,3.13,49.5,40
49,20250805,22,0.9,94.6,41
21,20250327,13,3.22,40.2,24
12,20250121,19,1.42,104.3,38
44,20251018,22,1.75,39.7,39
39,20250802,17,1.31,66.4,38
42,20250806,12,1.38,110.0,39
26,20250723,2,2.22,104.5,51
40,20250821,22,1.43,83.0,37
37,20250729,18,1.13,60.6,32
7,20250819,6,2.89,80.7,32
33,20250903,2,3.21,86.8,31
41,20250723,5,1.66,70.9,38
34,20251017,1,2.75,49.7,46
24,20251003,0,1.68,54.4,38
19,20250602,15,1.3,93.4,32
8,20251009,9,1.06,140.5,40
25,20250823,7,0.4,106.7,35
19,20251223,14,0.0,68.8,25
10,20250206,8,0.0,94.2,17
50,20250531,4,1.07,86.1,34
49,20250701,0,2.53,132.4,40
27,20250216,18,0.0,127.3,35
50,20250203,7,3.76,39.0,56
35,20250222,6,1.03,70.1,39
4,20250726,7,1.85,63.3,23
29,20250327,5,1.39,56.2,28
5,20250619,15,2.57,63.0,27
42,20250908,13,1.63,57.3,53
7,20250606,12,0.64,129.2,50
16,20250419,0,0.0,58.7,27
42,20250621,7,0.0,61.4,28
18,20250615,7,0.98,72.0,51
2,20251014,10,1.67,95.8,28
12,20250606,22,3.36,111.5,43
22,20250729,9,2.63,85.5,39
33,20250413,12,1.51,75.9,30
29,20251111,6,3.92,41.1,41
30,20250504,15,1.75,79.3,27
15,20251031,5,0.0,50.4,38
25,20250309,10,0.45,105.3,23
13,20250216,16,3.44,78.4,26
18,20251026,3,0.35,46.8,29
44,20251013,2,1.3,77.5,41
47,20250706,21,0.47,80.9,33
17,20251004,16,2.79,55.5,55
18,20250812,5,0.0,96.1,49
31,20250226,10,0.66,71.0,41
36,20250721,19,1.68,62.5,32
32,20250301,0,3.27,94.6,38
31,20251222,7,0.7,60.6,48
33,20250226,17,1.7,83.5,29
37,20250827,3,2.46,58.0,48
33,20251028,23,2.74,92.3,26
23,20251019,1,1.71,94.5,33
14,20251218,22,1.43,90.5,36
14,20250905,9,0.81,53.6,47
10,20251010,13,1.14,93.7,43
5,20250220,14,2.27,46.1,38
23,20250309,5,1.61,142.9,46
11,20251202,4,1.85,103.0,39
9,20250527,17,2.46,80.0,35
17,20251222,4,0.65,80.0,34
13,20250815,15,2.33,104.4,27
32,20251112,3,0.53,98.4,36
7,20250710,15,1.96,89.4,44
35,20251006,4,2.38,70.3,33
17,20250213,16,0.98,75.4,40
7,20250921,15,1.23,73.0,30
1,20251014,12,0.0,104.3,38
5,20250319,6,2.68,62.9,12
7,20250211,6,2.5,95.6,29
22,20250818,20,1.09,83.4,54
14,20250517,1,1.37,56.1,50
38,20250316,5,0.46,71.8,32
7,20250125,7,2.74,32.4,35
30,20250117,14,1.21,51.9,39
39,20250415,9,1.28,114.4,26
30,20250916,16,2.11,47.0,49
39,20250812,9,1.27,107.4,24
32,20250825,23,1.78,39.8,34
26,20251216,9,2.14,120.0,47
5,20250813,14,2.95,87.4,38
23,20251118,9,2.18,62.6,31
6,20250419,0,0.21,123.8,31
2,20251007,2,0.37,101.1,35
1,20250212,15,1.73,67.4,32
1,20251204,14,2.12,54.9,42
50,20250223,14,0.43,116.7,38
20,20250516,18,1.33,57.4,10
43,20250716,14,1.64,117.7,36
34,20251005,14,1.04,70.0,31
19,20250714,21,0.46,128.4,46
19,20250621,21,2.15,87.6,37
9,20251218,9,0.35,51.5,31
33,20250522,23,1.23,116.0,41
34,20250227,13,1.38,69.3,44
48,20250404,15,0.91,133.7,10
2,20250702,6,1.58,114.6,18
26,20251026,6,1.74,92.0,14
36,20251215,0,1.8,101.3,20
46,20250924,10,1.11,99.5,42
24,20250305,21,1.66,103.2,32
25,20250303,7,1.48,98.7,22
36,20250701,14,0.13,60.6,27
21,20250429,12,2.39,76.6,41
21,20250828,13,0.0,88.3,33
32,20251210,2,3.4,88.0,28
4,20250120,20,2.71,80.3,37
31,20250620,10,2.11,26.8,43
34,20250611,10,1.51,61.6,44
28,20250718,21,2.06,78.0,46
7,20250425,8,3.98,40.0,35
12,20250412,6,0.0,124.6,34
17,20250826,13,3.23,90.7,26
47,20250807,23,3.58,67.7,46
8,20250331,10,1.09,43.8,26
32,20250320,15,0.69,41.8,53
33,20250927,14,1.74,85.5,36
8,20250730,4,2.81,108.2,27
31,20250116,18,0.14,59.4,39
27,20250104,19,2.06,125.6,33
27,20251001,14,1.27,88.5,49
33,20251209,19,3.67,75.1,27
14,20250826,11,3.04,86.2,22
41,20250424,18,2.16,50.4,41
12,20250114,10,0.12,39.7,41
21,20250109,3,2.0,65.7,41
31,20250429,23,0.4,125.5,18
20,20250923,23,2.97,102.0,36
21,20250131,16,1.1,98.0,39
37,20250119,8,1.55,43.1,35
9,20250316,4,1.9,49.8,34
8,20250107,4,1.29,85.2,53
39,20250103,8,1.8,99.5,39
48,20250806,14,1.04,69.8,23
44,20250913,18,0.62,45.5,26
41,20251130,2,0.74,65.8,39
30,20250723,20,1.75,103.1,28
21,20250125,12,1.25,101.2,26
49,20250601,22,0.75,126.9,35
4,20250305,21,2.32,77.0,47
47,20251108,9,0.0,97.1,38
50,20250521,19,0.0,45.8,23
29,20250116,8,0.81,109.3,33
47,20250831,4,0.0,31.0,46
42,20250724,1,3.67,55.6,27
26,20251005,21,0.86,85.5,25
9,20251003,10,2.48,115.5,34
20,20250422,18,1.55,87.1,21
3,20250308,14,0.89,28.6,43
11,20250316,17,0.83,26.2,33
43,20250720,9,1.1,77.8,23
4,20251123,12,1.44,40.1,36
34,20250802,6,2.52,96.6,35
27,20250112,8,1.41,74.0,37
15,20251108,13,1.86,61.5,41
35,20250427,4,2.93,76.8,28
14,20250313,1,1.27,62.3,32
16,20251030,10,0.75,45.0,16
11,20250507,0,0.42,54.1,34
25,20250908,1,1.54,94.2,37
34,20250420,16,1.07,58.0,46
18,20250326,20,1.78,121.0,40
44,20250328,14,2.16,66.4,19
4,20250910,3,1.18,94.2,30
6,20250815,19,3.01,81.2,48
15,20250403,14,3.32,81.4,26
2,20250716,7,2.31,58.9,42
7,20250914,14,0.82,60.3,37
17,20250822,6,0.13,85.7,23
10,20250324,13,1.99,56.7,48
27,20250130,11,1.27,111.9,36
9,20250314,11,1.21,72.9,44
2,20250112,23,2.35,91.6,21
42,20250503,20,2.29,83.2,25
24,20250523,13,0.0,29.8,33
48,20250811,19,1.83,120.7,23
22,20250114,17,1.73,102.5,30
45,20250313,17,1.96,53.9,29
30,20250116,14,2.12,69.9,58
17,20250330,14,1.26,74.3,27
47,20250830,17,0.0,61.8,39
31,20251013,16,1.09,136.1,46
2,20250405,10,0.96,88.2,42
26,20251006,17,1.61,27.9,27
48,20250615,9,0.59,78.9,59
7,20250118,14,0.0,49.2,29
22,20250621,12,0.05,74.9,28
12,20250610,9,0.57,98.4,35
32,20250125,11,2.33,85.3,41
32,20250207,20,1.22,69.3,41
8,20251111,19,1.16,77.7,23
25,20251228,8,2.52,37.1,27
26,20250827,16,1.55,68.6,52
9,20250703,15,1.27,43.0,46
12,20250109,13,1.08,84.7,38
37,20250627,1,1.03,77.8,45
44,20251010,10,1.56,66.2,21
11,20250227,2,1.53,97.1,39
28,20250612,11,1.91,120.1,20
29,20250417,20,1.48,44.4,23
5,20250125,20,0.84,97.7,35
21,20250929,15,0.4,107.5,23
1,20251101,4,0.96,74.8,41
47,20250611,19,3.49,130.9,28
44,20250503,13,2.34,107.3,19
40,20251118,0,1.19,54.5,32
21,20251124,0,0.0,123.1,41
13,20250903,1,1.94,105.1,41
8,20250731,14,2.93,95.9,35
7,20250619,21,2.02,114.1,32
50,20250311,2,1.18,80.9,30
5,20251202,11,3.05,69.8,49
7,20250414,4,1.67,48.8,43
23,20251030,8,1.95,68.4,13
6,20250523,2,1.86,80.1,33
34,20250617,9,0.0,85.5,50
32,20250312,5,1.03,45.3,34
2,20250310,6,0.54,109.5,20
38,20251130,11,0.0,89.1,37
37,20251111,16,0.0,56.4,31
30,20250816,10,1.18,68.9,45
47,20251028,11,0.63,111.7,21
26,20250219,14,1.18,81.5,26
5,20250210,11,1.26,97.9,36
4,20251028,3,0.0,63.5,29
5,20251102,15,1.34,93.7,28
43,20250915,8,2.65,79.5,18
25,20250325,1,2.68,80.9,24
22,20251224,17,1.61,57.0,39
11,20250216,6,1.39,45.0,37
32,20250404,15,1.33,84.2,35
26,20250402,6,3.1,89.7,34
16,20251212,17,1.76,85.5,16
16,20251207,13,1.11,125.3,40
17,20250930,17,1.82,85.6,33
14,20250910,3,2.23,105.0,45
39,20250112,16,1.63,109.2,22
22,20250711,8,0.0,67.1,37
36,20250422,4,0.81,106.2,44
10,20250514,21,1.21,97.7,34
11,20250609,8,1.6,34.8,23
49,20251203,14,1.86,115.4,35
7,20251213,5,2.67,74.7,32
15,20250824,9,2.03,70.4,23
45,20251227,8,0.0,98.6,20
47,20250722,2,0.69,81.0,43
7,20250616,14,0.73,80.5,13
4,20250129,18,2.75,80.5,46
24,20251228,13,0.71,80.9,54
32,20250523,3,1.92,110.5,28
34,20250818,5,2.25,52.9,52
50,20251017,8,0.67,75.8,27
35,20251215,17,2.2,98.0,20
50,20250919,15,1.4,75.3,25
18,20250827,17,2.64,82.2,48
11,20250628,11,2.23,100.0,39
26,20250130,6,2.52,104.5,47
24,20251028,0,1.46,97.7,46
5,20250203,21,2.45,105.6,20
49,20250101,21,0.38,107.2,34
35,20250927,21,1.48,92.9,43
8,20250219,10,2.1,83.0,37
20,20250919,22,1.58,47.8,27
33,20250405,14,1.08,153.8,45
31,20251109,14,0.44,46.9,53
40,20251218,5,2.18,56.0,23
7,20250512,5,2.31,36.1,49
40,20250811,5,2.26,69.2,48
38,20250910,19,0.41,116.0,42
47,20250203,16,0.0,82.3,43
41,20250907,11,0.58,50.5,30
50,20251202,7,2.43,88.3,10
20,20250102,9,2.95,84.1,54
6,20250630,13,1.05,66.7,28
12,20250625,14,1.37,87.8,49
6,20250429,14,1.65,111.1,33
23,20251014,0,0.0,147.7,39
6,20250422,9,1.98,38.9,26
32,20251128,12,1.74,76.4,30
47,20250924,14,1.92,83.9,50
16,20250908,7,1.37,108.7,46
8,20250109,21,1.56,98.5,48
36,20250827,18,1.28,110.2,48
42,20250828,14,2.32,62.5,10
43,20250402,14,2.03,120.2,41
35,20250427,13,1.82,57.8,23
46,20250614,23,0.07,28.8,23
35,20250226,9,2.03,95.3,47
4,20250129,9,1.81,105.7,31
2,20250726,7,1.25,123.6,23
12,20250324,13,1.42,132.7,37
30,20250923,16,0.46,89.2,38
21,20251104,15,1.5,32.8,47
50,20250514,11,1.44,77.3,45
31,20250707,4,0.01,77.8,27
44,20250222,13,0.81,104.5,54
32,20250322,6,0.74,81.2,19
3,20250708,13,0.0,52.6,24
44,20250103,10,0.44,70.8,30
12,20250924,14,2.32,82.7,33
42,20251103,3,1.91,99.8,54
22,20251214,11,1.79,109.4,42
3,20250605,22,1.15,38.7,25
39,20250506,21,2.11,70.5,34
48,20250525,20,1.56,60.3,31
26,20250703,14,1.8,61.6,31
48,20250419,13,1.48,72.9,24
27,20250712,18,0.0,87.8,32
42,20250315,10,0.09,43.5,18
4,20250518,5,2.42,100.2,37
13,20250724,17,1.01,106.6,20
32,20251026,18,3.19,68.2,23
20,20250822,5,0.89,50.2,37
7,20250101,20,2.13,72.9,46
17,20250724,13,1.25,106.5,41
20,20251207,0,1.06,78.3,59
29,20251105,11,1.7,93.1,34
31,20250614,20,0.21,53.2,42
38,20250507,4,0.82,62.2,23
37,20250407,9,1.6,81.3,34
36,20250712,12,2.47,51.9,33
12,20250911,7,1.3,79.9,31
6,20250612,10,1.35,73.3,23
39,20250414,5,4.11,53.9,23
1,20251124,17,2.21,60.9,52
28,20250723,22,2.83,61.4,19
1,20250924,10,1.05,130.9,29
8,20250908,15,0.97,40.7,25
4,20250806,1,0.0,74.5,18
41,20250927,10,1.95,62.8,18
35,20251019,17,1.46,91.5,28
10,20250211,14,0.0,98.8,51
23,20251014,5,1.92,53.3,29
41,20250807,23,0.0,98.9,49
42,20250716,10,3.15,68.3,27
46,20250505,9,0.0,113.7,28
